date,time_local,soil_temp_surface_f,soil_temp_6cm_f,soil_temp_18cm_f,soil_temp_54cm_f,soil_moisture_0_1cm
2026-08-10,10:36,77.2,76.5,77.8,74.8,0.264
2026-08-11,10:49,77.8,77.6,79.6,75.2,0.349
2026-08-12,10:49,73.5,73.0,75.3,75.3,0.361
2026-08-13,10:49,77.3,73.4,72.3,74.0,0.304
2026-08-14,10:43,82.7,78.2,76.4,74.1,0.299
2026-08-15,10:11,85.0,78.0,77.1,74.6,0.275
2026-08-16,10:12,83.4,79.6,78.1,75.2,0.332
2026-08-17,10:16,77.2,77.7,78.4,75.7,0.369
2026-08-18,10:21,78.6,74.6,75.5,75.6,0.302
